latitude,longitude,altitude,x,y,land
31.697622,34.463840,-38.751934,-100.000000,-100.000000,-1
31.697711,34.474556,-36.981483,-99.990190,-98.995038,-1
31.697798,34.485272,-35.816212,-99.980478,-97.990074,-1
31.697885,34.495988,-35.000000,-99.970866,-96.985108,-1
31.697971,34.506705,-34.489342,-99.961353,-95.980141,-1
31.698057,34.517421,-33.308701,-99.951939,-94.975171,-1
31.698141,34.528137,-27.543554,-99.942623,-93.970200,-1
31.698224,34.538854,-16.499111,-99.933408,-92.965226,-1
31.698307,34.549570,-4.343092,-99.924291,-91.960251,-1
31.698388,34.560286,0.000000,-99.915273,-90.955275,-1
31.698469,34.571003,12.512950,-99.906354,-89.950296,-1
31.698549,34.581719,43.631817,-99.897534,-88.945316,-1
31.698627,34.592435,31.934940,-99.888814,-87.940334,-1
31.698705,34.603152,31.660490,-99.880192,-86.935350,-1
31.698782,34.613868,32.158119,-99.871670,-85.930365,-1
31.698859,34.624585,40.400791,-99.863247,-84.925378,-1
31.698934,34.635301,38.927460,-99.854922,-83.920389,-1
31.699008,34.646018,31.749228,-99.846697,-82.915399,-1
31.699082,34.656734,50.058769,-99.838571,-81.910407,-1
31.699154,34.667451,64.734360,-99.830544,-80.905414,-1
31.699226,34.678167,69.026329,-99.822616,-79.900419,-1
31.699297,34.688884,67.430412,-99.814788,-78.895422,-1
31.699367,34.699600,50.404312,-99.807058,-77.890424,-1
31.699436,34.710317,51.466602,-99.799427,-76.885424,-1
31.699504,34.721034,54.010700,-99.791896,-75.880423,-1
31.699571,34.731750,59.068195,-99.784463,-74.875421,-1
31.699637,34.742467,67.376007,-99.777130,-73.870417,-1
31.699703,34.753184,75.505539,-99.769896,-72.865411,-1
31.699767,34.763900,92.066193,-99.762761,-71.860404,-1
31.699831,34.774617,101.050888,-99.755725,-70.855396,-1
31.699894,34.785334,94.866310,-99.748788,-69.850387,-1
31.699956,34.796050,98.394020,-99.741950,-68.845376,-1
31.700017,34.806767,103.209343,-99.735211,-67.840363,-1
31.700077,34.817484,108.768806,-99.728571,-66.835350,-1
31.700136,34.828201,122.446289,-99.722030,-65.830335,-1
31.700194,34.838917,126.879219,-99.715589,-64.825319,-1
31.700251,34.849634,170.812302,-99.709247,-63.820301,-1
31.700308,34.860351,174.713593,-99.703003,-62.815283,-1
31.700363,34.871068,154.325073,-99.696859,-61.810263,-1
31.700418,34.881785,174.842255,-99.690814,-60.805242,-1
31.700472,34.892501,173.959381,-99.684868,-59.800220,-1
31.700525,34.903218,189.112213,-99.679021,-58.795196,-1
31.700577,34.913935,208.270767,-99.673273,-57.790172,-1
31.700628,34.924652,253.077271,-99.667624,-56.785146,-1
31.700678,34.935369,330.138184,-99.662074,-55.780120,-1
31.700727,34.946086,239.832047,-99.656624,-54.775092,-1
31.700776,34.956803,287.512878,-99.651272,-53.770063,-1
31.700823,34.967520,332.798492,-99.646020,-52.765033,-1
31.700870,34.978237,368.777161,-99.640867,-51.760002,-1
31.700915,34.988954,391.902008,-99.635812,-50.754970,-1
31.700960,34.999671,388.470398,-99.630857,-49.749937,-1
31.701004,35.010388,357.664886,-99.626001,-48.744903,-1
31.701047,35.021104,430.137482,-99.621244,-47.739869,-1
31.701089,35.031821,544.058472,-99.616587,-46.734833,-1
31.701131,35.042538,491.227844,-99.612028,-45.729796,-1
31.701171,35.053255,512.290894,-99.607568,-44.724759,-1
31.701210,35.063972,639.676880,-99.603208,-43.719720,-1
31.701249,35.074689,644.647888,-99.598946,-42.714681,-1
31.701287,35.085407,691.116394,-99.594784,-41.709641,-1
31.701323,35.096124,600.642212,-99.590721,-40.704600,-1
31.701359,35.106841,675.624268,-99.586757,-39.699559,-1
31.701394,35.117558,698.422791,-99.582892,-38.694516,-1
31.701428,35.128275,766.766663,-99.579126,-37.689473,-1
31.701461,35.138992,817.623901,-99.575459,-36.684429,-1
31.701494,35.149709,924.318970,-99.571891,-35.679385,-1
31.701525,35.160426,840.528564,-99.568423,-34.674339,-1
31.701555,35.171143,871.333557,-99.565053,-33.669293,-1
31.701585,35.181860,818.211426,-99.561783,-32.664247,-1
31.701614,35.192577,787.436340,-99.558612,-31.659200,-1
31.701641,35.203294,702.545654,-99.555539,-30.654152,-1
31.701668,35.214012,664.876160,-99.552566,-29.649103,-1
31.701694,35.224729,612.233826,-99.549692,-28.644054,-1
31.701719,35.235446,587.719116,-99.546917,-27.639005,-1
31.701744,35.246163,588.165161,-99.544242,-26.633955,-1
31.701767,35.256880,598.469543,-99.541665,-25.628904,-1
31.701789,35.267597,652.773315,-99.539187,-24.623853,-1
31.701811,35.278314,572.580078,-99.536809,-23.618801,-1
31.701831,35.289031,468.719391,-99.534529,-22.613749,-1
31.701851,35.299749,445.276550,-99.532349,-21.608697,-1
31.701870,35.310466,439.562408,-99.530268,-20.603644,-1
31.701888,35.321183,340.381256,-99.528286,-19.598591,-1
31.701905,35.331900,218.641190,-99.526403,-18.593537,-1
31.701921,35.342617,183.134171,-99.524619,-17.588483,-1
31.701936,35.353335,112.329689,-99.522934,-16.583429,-1
31.701951,35.364052,78.288727,-99.521349,-15.578374,-1
31.701964,35.374769,52.356274,-99.519862,-14.573319,-1
31.701977,35.385486,44.402569,-99.518475,-13.568264,-1
31.701988,35.396203,70.119827,-99.517186,-12.563208,-1
31.701999,35.406921,100.415825,-99.515997,-11.558153,-1
31.702009,35.417638,115.750900,-99.514907,-10.553097,-1
31.702018,35.428355,-4.637104,-99.513916,-9.548040,-1
31.702026,35.439072,-74.774513,-99.513024,-8.542984,-1
31.702033,35.449789,-393.227356,-99.512231,-7.537927,-1
31.702039,35.460507,-415.000000,-99.511537,-6.532871,-1
31.702045,35.471224,-415.000000,-99.510943,-5.527814,-1
31.702049,35.481941,-415.000000,-99.510447,-4.522757,-1
31.702053,35.492658,-415.000000,-99.510051,-3.517700,-1
31.702056,35.503375,-415.000000,-99.509753,-2.512643,-1
31.702057,35.514093,-415.000000,-99.509555,-1.507586,-1
31.702058,35.524810,-415.000000,-99.509456,-0.502529,-1
31.702058,35.535527,-415.000000,-99.509456,0.502529,-1
31.702057,35.546244,-415.000000,-99.509555,1.507586,-1
31.702056,35.556961,-415.000000,-99.509753,2.512643,-1
31.702053,35.567679,-415.000000,-99.510051,3.517700,-1
31.702049,35.578396,-415.000000,-99.510447,4.522757,-1
31.702045,35.589113,-283.167023,-99.510943,5.527814,-1
31.702039,35.599830,-88.418129,-99.511537,6.532871,-1
31.702033,35.610547,84.421494,-99.512231,7.537927,-1
31.702026,35.621265,157.052872,-99.513024,8.542984,-1
31.702018,35.631982,192.232544,-99.513916,9.548040,-1
31.702009,35.642699,217.892761,-99.514907,10.553097,-1
31.701999,35.653416,257.591095,-99.515997,11.558153,-1
31.701988,35.664133,313.010437,-99.517186,12.563208,-1
31.701977,35.674851,431.830688,-99.518475,13.568264,-1
31.701964,35.685568,530.445007,-99.519862,14.573319,-1
31.701951,35.696285,521.734070,-99.521349,15.578374,-1
31.701936,35.707002,581.611755,-99.522934,16.583429,-1
31.701921,35.717719,681.571594,-99.524619,17.588483,-1
31.701905,35.728437,803.833679,-99.526403,18.593537,-1
31.701888,35.739154,837.704590,-99.528286,19.598591,-1
31.701870,35.749871,799.636047,-99.530268,20.603644,-1
31.701851,35.760588,803.562012,-99.532349,21.608697,-1
31.701831,35.771305,785.591675,-99.534529,22.613749,-1
31.701811,35.782022,770.906311,-99.536809,23.618801,-1
31.701789,35.792740,746.117310,-99.539187,24.623853,-1
31.701767,35.803457,736.387634,-99.541665,25.628904,-1
31.701744,35.814174,739.519348,-99.544242,26.633955,-1
31.701719,35.824891,752.936340,-99.546917,27.639005,-1
31.701694,35.835608,769.653748,-99.549692,28.644054,-1
31.701668,35.846325,794.838745,-99.552566,29.649103,-1
31.701641,35.857042,780.341125,-99.555539,30.654152,-1
31.701614,35.867760,745.402954,-99.558612,31.659200,-1
31.701585,35.878477,746.129150,-99.561783,32.664247,-1
31.701555,35.889194,731.572632,-99.565053,33.669293,-1
31.701525,35.899911,735.756165,-99.568423,34.674339,-1
31.701494,35.910628,719.390686,-99.571891,35.679385,-1
31.701461,35.921345,718.722046,-99.575459,36.684429,-1
31.701428,35.932062,703.492554,-99.579126,37.689473,-1
31.701394,35.942779,698.485168,-99.582892,38.694516,-1
31.701359,35.953496,708.000793,-99.586757,39.699559,-1
31.701323,35.964213,711.260864,-99.590721,40.704600,-1
31.701287,35.974930,715.852600,-99.594784,41.709641,-1
31.701249,35.985647,714.957642,-99.598946,42.714681,-1
31.701210,35.996364,704.511353,-99.603208,43.719720,-1
31.701171,36.007081,707.813660,-99.607568,44.724759,-1
31.701131,36.017798,706.343933,-99.612028,45.729796,-1
31.701089,36.028515,709.869324,-99.616587,46.734833,-1
31.701047,36.039232,709.127747,-99.621244,47.739869,-1
31.701004,36.049949,717.731201,-99.626001,48.744903,-1
31.700960,36.060666,721.368896,-99.630857,49.749937,-1
31.700915,36.071383,734.446228,-99.635812,50.754970,-1
31.700870,36.082100,743.581055,-99.640867,51.760002,-1
31.700823,36.092817,759.183350,-99.646020,52.765033,-1
31.700776,36.103534,764.701477,-99.651272,53.770063,-1
31.700727,36.114251,817.912415,-99.656624,54.775092,-1
31.700678,36.124968,877.006409,-99.662074,55.780120,-1
31.700628,36.135685,870.598755,-99.667624,56.785146,-1
31.700577,36.146402,885.317444,-99.673273,57.790172,-1
31.700525,36.157118,862.195923,-99.679021,58.795196,-1
31.700472,36.167835,835.407898,-99.684868,59.800220,-1
31.700418,36.178552,816.235657,-99.690814,60.805242,-1
31.700363,36.189269,833.833069,-99.696859,61.810263,-1
31.700308,36.199986,846.429932,-99.703003,62.815283,-1
31.700251,36.210703,833.255188,-99.709247,63.820301,-1
31.700194,36.221419,842.366943,-99.715589,64.825319,-1
31.700136,36.232136,849.036438,-99.722030,65.830335,-1
31.700077,36.242853,831.454651,-99.728571,66.835350,-1
31.700017,36.253570,816.614014,-99.735211,67.840363,-1
31.699956,36.264286,810.353638,-99.741950,68.845376,-1
31.699894,36.275003,819.471375,-99.748788,69.850387,-1
31.699831,36.285720,798.125244,-99.755725,70.855396,-1
31.699767,36.296437,800.724121,-99.762761,71.860404,-1
31.699703,36.307153,774.881470,-99.769896,72.865411,-1
31.699637,36.317870,784.744385,-99.777130,73.870417,-1
31.699571,36.328586,750.390137,-99.784463,74.875421,-1
31.699504,36.339303,746.694641,-99.791896,75.880423,-1
31.699436,36.350020,730.523254,-99.799427,76.885424,-1
31.699367,36.360736,721.875793,-99.807058,77.890424,-1
31.699297,36.371453,711.654297,-99.814788,78.895422,-1
31.699226,36.382169,703.804077,-99.822616,79.900419,-1
31.699154,36.392886,698.361938,-99.830544,80.905414,-1
31.699082,36.403603,692.277283,-99.838571,81.910407,-1
31.699008,36.414319,677.462341,-99.846697,82.915399,-1
31.698934,36.425036,672.045227,-99.854922,83.920389,-1
31.698859,36.435752,663.254028,-99.863247,84.925378,-1
31.698782,36.446469,655.663086,-99.871670,85.930365,-1
31.698705,36.457185,645.908630,-99.880192,86.935350,-1
31.698627,36.467901,639.675781,-99.888814,87.940334,-1
31.698549,36.478618,633.494934,-99.897534,88.945316,-1
31.698469,36.489334,628.096252,-99.906354,89.950296,-1
31.698388,36.500051,620.984253,-99.915273,90.955275,-1
31.698307,36.510767,616.009277,-99.924291,91.960251,-1
31.698224,36.521483,609.786987,-99.933408,92.965226,-1
31.698141,36.532200,605.650452,-99.942623,93.970200,-1
31.698057,36.542916,599.832947,-99.951939,94.975171,-1
31.697971,36.553632,596.131104,-99.961353,95.980141,-1
31.697885,36.564348,592.653992,-99.970866,96.985108,-1
31.697798,36.575065,587.407104,-99.980478,97.990074,-1
31.697711,36.585781,583.384155,-99.990190,98.995038,-1
31.697622,36.596497,583.013855,-100.000000,100.000000,-1
31.706666,34.463840,-42.000000,-99.000000,-100.000000,-1
31.706754,34.474556,-40.197247,-98.990188,-98.995038,-1
31.706842,34.485272,-38.295589,-98.980475,-97.990074,-1
31.706929,34.495988,-36.479137,-98.970861,-96.985108,-1
31.707015,34.506705,-35.084633,-98.961347,-95.980141,-1
31.707100,34.517421,-33.588161,-98.951931,-94.975171,-1
31.707185,34.528137,-32.142139,-98.942614,-93.970200,-1
31.707268,34.538854,-21.705112,-98.933397,-92.965227,-1
31.707350,34.549570,-7.908421,-98.924279,-91.960252,-1
31.707432,34.560286,-0.970467,-98.915259,-90.955275,-1
31.707513,34.571003,0.000000,-98.906339,-89.950296,-1
31.707592,34.581719,25.295046,-98.897518,-88.945316,-1
31.707671,34.592435,35.704205,-98.888796,-87.940334,-1
31.707749,34.603152,28.232655,-98.880173,-86.935351,-1
31.707826,34.613868,31.474043,-98.871650,-85.930365,-1
31.707903,34.624585,21.856089,-98.863225,-84.925378,-1
31.707978,34.635301,26.313326,-98.854900,-83.920390,-1
31.708052,34.646018,29.460180,-98.846673,-82.915399,-1
31.708126,34.656734,39.487190,-98.838546,-81.910408,-1
31.708198,34.667451,54.076298,-98.830518,-80.905414,-1
31.708270,34.678167,54.804993,-98.822588,-79.900419,-1
31.708341,34.688884,52.297356,-98.814758,-78.895423,-1
31.708411,34.699600,43.360107,-98.807027,-77.890424,-1
31.708480,34.710317,48.460838,-98.799396,-76.885425,-1
31.708548,34.721034,50.170273,-98.791863,-75.880424,-1
31.708615,34.731750,56.000000,-98.784429,-74.875421,-1
31.708681,34.742467,62.671680,-98.777095,-73.870417,-1
31.708747,34.753184,71.010612,-98.769859,-72.865412,-1
31.708811,34.763900,87.431389,-98.762723,-71.860405,-1
31.708875,34.774617,81.683846,-98.755686,-70.855397,-1
31.708938,34.785334,81.002266,-98.748748,-69.850387,-1
31.709000,34.796050,87.694244,-98.741909,-68.845376,-1
31.709061,34.806767,97.195320,-98.735169,-67.840364,-1
31.709121,34.817484,101.860580,-98.728528,-66.835350,-1
31.709180,34.828201,112.163635,-98.721987,-65.830336,-1
31.709238,34.838917,132.479706,-98.715544,-64.825319,-1
31.709296,34.849634,129.287811,-98.709201,-63.820302,-1
31.709352,34.860351,141.371475,-98.702956,-62.815283,-1
31.709408,34.871068,144.536606,-98.696811,-61.810264,-1
31.709462,34.881785,159.900650,-98.690765,-60.805243,-1
31.709516,34.892501,163.514465,-98.684818,-59.800220,-1
31.709569,34.903218,208.867981,-98.678970,-58.795197,-1
31.709621,34.913935,215.055817,-98.673221,-57.790172,-1
31.709672,34.924652,211.335449,-98.667572,-56.785147,-1
31.709722,34.935369,241.854416,-98.662021,-55.780120,-1
31.709771,34.946086,270.889526,-98.656570,-54.775092,-1
31.709820,34.956803,324.519775,-98.651217,-53.770063,-1
31.709867,34.967520,343.569183,-98.645964,-52.765034,-1
31.709914,34.978237,342.029266,-98.640810,-51.760003,-1
31.709960,34.988954,331.518524,-98.635755,-50.754971,-1
31.710005,34.999671,407.025452,-98.630799,-49.749938,-1
31.710048,35.010388,342.055908,-98.625942,-48.744904,-1
31.710092,35.021104,439.182800,-98.621185,-47.739869,-1
31.710134,35.031821,510.673462,-98.616526,-46.734833,-1
31.710175,35.042538,594.234375,-98.611967,-45.729797,-1
31.710215,35.053255,615.665771,-98.607506,-44.724759,-1
31.710255,35.063972,571.505615,-98.603145,-43.719721,-1
31.710293,35.074689,690.923767,-98.598883,-42.714682,-1
31.710331,35.085407,651.826477,-98.594720,-41.709642,-1
31.710368,35.096124,722.443237,-98.590656,-40.704601,-1
31.710403,35.106841,662.547241,-98.586691,-39.699559,-1
31.710438,35.117558,768.636475,-98.582826,-38.694517,-1
31.710472,35.128275,754.849915,-98.579059,-37.689474,-1
31.710506,35.138992,789.507019,-98.575392,-36.684430,-1
31.710538,35.149709,852.774780,-98.571824,-35.679385,-1
31.710569,35.160426,857.817505,-98.568355,-34.674340,-1
31.710600,35.171143,810.164307,-98.564985,-33.669294,-1
31.710629,35.181860,826.561768,-98.561714,-32.664247,-1
31.710658,35.192577,739.034424,-98.558542,-31.659200,-1
31.710686,35.203294,763.435669,-98.555469,-30.654152,-1
31.710713,35.214011,681.297180,-98.552496,-29.649104,-1
31.710739,35.224729,584.809998,-98.549621,-28.644055,-1
31.710764,35.235446,575.448608,-98.546846,-27.639005,-1
31.710788,35.246163,573.466003,-98.544169,-26.633955,-1
31.710811,35.256880,557.678467,-98.541592,-25.628905,-1
31.710834,35.267597,606.243530,-98.539114,-24.623853,-1
31.710855,35.278314,518.390198,-98.536736,-23.618802,-1
31.710876,35.289031,486.772766,-98.534456,-22.613750,-1
31.710896,35.299749,487.395111,-98.532275,-21.608697,-1
31.710914,35.310466,447.120605,-98.530194,-20.603644,-1
31.710932,35.321183,397.555664,-98.528211,-19.598591,-1
31.710949,35.331900,279.402924,-98.526328,-18.593537,-1
31.710965,35.342617,284.621857,-98.524544,-17.588483,-1
31.710981,35.353335,155.290573,-98.522859,-16.583429,-1
31.710995,35.364052,106.757584,-98.521273,-15.578374,-1
31.711009,35.374769,55.641361,-98.519786,-14.573319,-1
31.711021,35.385486,32.428322,-98.518398,-13.568264,-1
31.711033,35.396203,19.968613,-98.517110,-12.563208,-1
31.711043,35.406921,63.094166,-98.515920,-11.558153,-1
31.711053,35.417638,67.585625,-98.514830,-10.553097,-1
31.711062,35.428355,-12.655038,-98.513839,-9.548040,-1
31.711070,35.439072,-49.273937,-98.512947,-8.542984,-1
31.711078,35.449789,-345.696564,-98.512154,-7.537928,-1
31.711084,35.460507,-411.451691,-98.511460,-6.532871,-1
31.711089,35.471224,-412.000000,-98.510865,-5.527814,-1
31.711094,35.481941,-415.000000,-98.510370,-4.522757,-1
31.711097,35.492658,-415.000000,-98.509973,-3.517700,-1
31.711100,35.503375,-415.000000,-98.509676,-2.512643,-1
31.711102,35.514093,-415.000000,-98.509478,-1.507586,-1
31.711103,35.524810,-415.000000,-98.509379,-0.502529,-1
31.711103,35.535527,-415.000000,-98.509379,0.502529,-1
31.711102,35.546244,-415.000000,-98.509478,1.507586,-1
31.711100,35.556961,-415.000000,-98.509676,2.512643,-1
31.711097,35.567679,-415.000000,-98.509973,3.517700,-1
31.711094,35.578396,-415.000000,-98.510370,4.522757,-1
31.711089,35.589113,-376.818970,-98.510865,5.527814,-1
31.711084,35.599830,-130.366745,-98.511460,6.532871,-1
31.711078,35.610547,-91.700806,-98.512154,7.537928,-1
31.711070,35.621265,-34.507774,-98.512947,8.542984,-1
31.711062,35.631982,129.810120,-98.513839,9.548040,-1
31.711053,35.642699,166.892059,-98.514830,10.553097,-1
31.711043,35.653416,237.221054,-98.515920,11.558153,-1
31.711033,35.664133,277.126099,-98.517110,12.563208,-1
31.711021,35.674851,316.392853,-98.518398,13.568264,-1
31.711009,35.685568,395.429047,-98.519786,14.573319,-1
31.710995,35.696285,482.018311,-98.521273,15.578374,-1
31.710981,35.707002,596.173767,-98.522859,16.583429,-1
31.710965,35.717719,685.342651,-98.524544,17.588483,-1
31.710949,35.728437,741.547424,-98.526328,18.593537,-1
31.710932,35.739154,846.018005,-98.528211,19.598591,-1
31.710914,35.749871,825.825317,-98.530194,20.603644,-1
31.710896,35.760588,815.797180,-98.532275,21.608697,-1
31.710876,35.771305,807.815674,-98.534456,22.613750,-1
31.710855,35.782022,797.763550,-98.536736,23.618802,-1
31.710834,35.792740,758.396851,-98.539114,24.623853,-1
31.710811,35.803457,750.899658,-98.541592,25.628905,-1
31.710788,35.814174,744.077759,-98.544169,26.633955,-1
31.710764,35.824891,749.867004,-98.546846,27.639005,-1
31.710739,35.835608,768.659302,-98.549621,28.644055,-1
31.710713,35.846325,787.067444,-98.552496,29.649104,-1
31.710686,35.857042,778.991516,-98.555469,30.654152,-1
31.710658,35.867760,760.462708,-98.558542,31.659200,-1
31.710629,35.878477,742.865051,-98.561714,32.664247,-1
31.710600,35.889194,743.774536,-98.564985,33.669294,-1
31.710569,35.899911,735.797974,-98.568355,34.674340,-1
31.710538,35.910628,729.526062,-98.571824,35.679385,-1
31.710506,35.921345,732.628113,-98.575392,36.684430,-1
31.710472,35.932062,714.202820,-98.579059,37.689474,-1
31.710438,35.942779,701.522827,-98.582826,38.694517,-1
31.710403,35.953496,706.216370,-98.586691,39.699559,-1
31.710368,35.964213,713.340881,-98.590656,40.704601,-1
31.710331,35.974930,716.648438,-98.594720,41.709642,-1
31.710293,35.985647,713.396545,-98.598883,42.714682,-1
31.710255,35.996364,709.297241,-98.603145,43.719721,-1
31.710215,36.007081,711.892273,-98.607506,44.724759,-1
31.710175,36.017798,712.493164,-98.611967,45.729797,-1
31.710134,36.028515,713.191650,-98.616526,46.734833,-1
31.710092,36.039232,712.861389,-98.621185,47.739869,-1
31.710048,36.049949,719.682007,-98.625942,48.744904,-1
31.710005,36.060666,728.096497,-98.630799,49.749938,-1
31.709960,36.071383,737.095154,-98.635755,50.754971,-1
31.709914,36.082100,750.650574,-98.640810,51.760003,-1
31.709867,36.092817,767.528625,-98.645964,52.765034,-1
31.709820,36.103534,778.662964,-98.651217,53.770063,-1
31.709771,36.114251,817.907104,-98.656570,54.775092,-1
31.709722,36.124968,883.500610,-98.662021,55.780120,-1
31.709672,36.135685,852.196960,-98.667572,56.785147,-1
31.709621,36.146402,858.964966,-98.673221,57.790172,-1
31.709569,36.157118,863.014099,-98.678970,58.795197,-1
31.709516,36.167835,828.701965,-98.684818,59.800220,-1
31.709462,36.178552,826.453735,-98.690765,60.805243,-1
31.709408,36.189269,831.623962,-98.696811,61.810264,-1
31.709352,36.199986,816.024048,-98.702956,62.815283,-1
31.709296,36.210703,822.668213,-98.709201,63.820302,-1
31.709238,36.221419,845.251892,-98.715544,64.825319,-1
31.709180,36.232136,838.319580,-98.721987,65.830336,-1
31.709121,36.242853,832.703247,-98.728528,66.835350,-1
31.709061,36.253570,797.378357,-98.735169,67.840364,-1
31.709000,36.264286,802.509644,-98.741909,68.845376,-1
31.708938,36.275003,799.257202,-98.748748,69.850387,-1
31.708875,36.285720,795.615112,-98.755686,70.855397,-1
31.708811,36.296437,780.088745,-98.762723,71.860405,-1
31.708747,36.307153,775.422546,-98.769859,72.865412,-1
31.708681,36.317870,766.921631,-98.777095,73.870417,-1
31.708615,36.328587,746.823425,-98.784429,74.875421,-1
31.708548,36.339303,736.109192,-98.791863,75.880424,-1
31.708480,36.350020,728.988708,-98.799396,76.885425,-1
31.708411,36.360736,716.148438,-98.807027,77.890424,-1
31.708341,36.371453,705.497864,-98.814758,78.895423,-1
31.708270,36.382169,699.172058,-98.822588,79.900419,-1
31.708198,36.392886,689.711975,-98.830518,80.905414,-1
31.708126,36.403603,683.955078,-98.838546,81.910408,-1
31.708052,36.414319,675.981689,-98.846673,82.915399,-1
31.707978,36.425036,666.385254,-98.854900,83.920390,-1
31.707903,36.435752,658.882141,-98.863225,84.925378,-1
31.707826,36.446469,650.589172,-98.871650,85.930365,-1
31.707749,36.457185,642.763916,-98.880173,86.935351,-1
31.707671,36.467901,636.495972,-98.888796,87.940334,-1
31.707592,36.478618,628.576477,-98.897518,88.945316,-1
31.707513,36.489334,624.444641,-98.906339,89.950296,-1
31.707432,36.500051,618.474243,-98.915259,90.955275,-1
31.707350,36.510767,613.723572,-98.924279,91.960252,-1
31.707268,36.521483,609.395386,-98.933397,92.965227,-1
31.707185,36.532200,605.093994,-98.942614,93.970200,-1
31.707100,36.542916,614.841003,-98.951931,94.975171,-1
31.707015,36.553632,607.517090,-98.961347,95.980141,-1
31.706929,36.564348,597.432617,-98.970861,96.985108,-1
31.706842,36.575065,588.068542,-98.980475,97.990074,-1
31.706754,36.585781,584.806030,-98.990188,98.995038,-1
31.706666,36.596497,579.599121,-99.000000,100.000000,-1
31.715709,34.463840,-42.098896,-98.000000,-100.000000,-1
31.715798,34.474556,-40.197247,-97.990186,-98.995038,-1
31.715886,34.485272,-39.000000,-97.980472,-97.990074,-1
31.715973,34.495988,-38.656555,-97.970857,-96.985108,-1
31.716059,34.506705,-36.228733,-97.961340,-95.980141,-1
31.716144,34.517421,-33.591282,-97.951923,-94.975171,-1
31.716228,34.528137,-32.706280,-97.942605,-93.970200,-1
31.716312,34.538854,-27.710754,-97.933386,-92.965227,-1
31.716394,34.549570,-16.280418,-97.924267,-91.960252,-1
31.716476,34.560286,-6.491875,-97.915246,-90.955275,-1
31.716556,34.571003,-0.418042,-97.906325,-89.950297,-1
31.716636,34.581719,5.583293,-97.897502,-88.945317,-1
31.716715,34.592435,32.006359,-97.888779,-87.940335,-1
31.716793,34.603152,21.819201,-97.880155,-86.935351,-1
31.716870,34.613868,20.591610,-97.871629,-85.930366,-1
31.716946,34.624585,20.298040,-97.863204,-84.925379,-1
31.717022,34.635301,43.104458,-97.854877,-83.920390,-1
31.717096,34.646018,44.648205,-97.846649,-82.915400,-1
31.717170,34.656734,40.670948,-97.838520,-81.910408,-1
31.717242,34.667451,50.115921,-97.830491,-80.905415,-1
31.717314,34.678167,49.693798,-97.822560,-79.900420,-1
31.717385,34.688884,42.603439,-97.814729,-78.895423,-1
31.717455,34.699600,43.529808,-97.806997,-77.890425,-1
31.717524,34.710317,45.280411,-97.799364,-76.885425,-1
31.717592,34.721034,59.000000,-97.791830,-75.880424,-1
31.717659,34.731750,54.936985,-97.784395,-74.875422,-1
31.717726,34.742467,60.318726,-97.777060,-73.870418,-1
31.717791,34.753184,73.829842,-97.769823,-72.865412,-1
31.717856,34.763900,80.169022,-97.762686,-71.860406,-1
31.717919,34.774617,77.857018,-97.755647,-70.855397,-1
31.717982,34.785334,77.864067,-97.748708,-69.850388,-1
31.718044,34.796050,83.904343,-97.741868,-68.845377,-1
31.718105,34.806767,91.580963,-97.735127,-67.840365,-1
31.718165,34.817484,101.074448,-97.728485,-66.835351,-1
31.718224,34.828201,109.777184,-97.721943,-65.830336,-1
31.718282,34.838917,138.559952,-97.715499,-64.825320,-1
31.718340,34.849634,145.674713,-97.709155,-63.820303,-1
31.718396,34.860351,170.608963,-97.702909,-62.815284,-1
31.718452,34.871068,177.688461,-97.696763,-61.810264,-1
31.718506,34.881785,183.523193,-97.690716,-60.805243,-1
31.718560,34.892501,188.915894,-97.684768,-59.800221,-1
31.718613,34.903218,215.115387,-97.678919,-58.795198,-1
31.718665,34.913935,203.857559,-97.673170,-57.790173,-1
31.718716,34.924652,218.176483,-97.667519,-56.785147,-1
31.718766,34.935369,288.208893,-97.661968,-55.780121,-1
31.718816,34.946086,327.358826,-97.656515,-54.775093,-1
31.718864,34.956803,336.197937,-97.651162,-53.770064,-1
31.718912,34.967520,286.074768,-97.645908,-52.765034,-1
31.718958,34.978237,340.398651,-97.640753,-51.760003,-1
31.719004,34.988954,313.721649,-97.635697,-50.754971,-1
31.719049,34.999671,400.690704,-97.630741,-49.749938,-1
31.719093,35.010387,341.458862,-97.625883,-48.744905,-1
31.719136,35.021104,487.008575,-97.621125,-47.739870,-1
31.719178,35.031821,547.671570,-97.616466,-46.734834,-1
31.719219,35.042538,548.569336,-97.611905,-45.729797,-1
31.719259,35.053255,623.469421,-97.607444,-44.724760,-1
31.719299,35.063972,625.723938,-97.603082,-43.719722,-1
31.719337,35.074689,701.519165,-97.598820,-42.714682,-1
31.719375,35.085407,694.345276,-97.594656,-41.709642,-1
31.719412,35.096124,749.022278,-97.590592,-40.704601,-1
31.719448,35.106841,764.661926,-97.586626,-39.699560,-1
31.719483,35.117558,760.961487,-97.582760,-38.694517,-1
31.719517,35.128275,691.056030,-97.578993,-37.689474,-1
31.719550,35.138992,790.010986,-97.575325,-36.684430,-1
31.719582,35.149709,741.534973,-97.571756,-35.679386,-1
31.719614,35.160426,708.045593,-97.568286,-34.674340,-1
31.719644,35.171143,896.046692,-97.564916,-33.669294,-1
31.719674,35.181860,804.380920,-97.561644,-32.664248,-1
31.719702,35.192577,729.671631,-97.558472,-31.659201,-1
31.719730,35.203294,765.363953,-97.555399,-30.654153,-1
31.719757,35.214011,654.041138,-97.552425,-29.649104,-1
31.719783,35.224729,614.512756,-97.549550,-28.644055,-1
31.719808,35.235446,620.326172,-97.546774,-27.639006,-1
31.719832,35.246163,606.851746,-97.544098,-26.633956,-1
31.719856,35.256880,584.799988,-97.541520,-25.628905,-1
31.719878,35.267597,433.565399,-97.539042,-24.623854,-1
31.719900,35.278314,579.584534,-97.536662,-23.618802,-1
31.719920,35.289031,543.724976,-97.534382,-22.613750,-1
31.719940,35.299749,533.089966,-97.532201,-21.608698,-1
31.719959,35.310466,438.001099,-97.530119,-20.603645,-1
31.719977,35.321183,358.227936,-97.528137,-19.598591,-1
31.719994,35.331900,331.570496,-97.526253,-18.593538,-1
31.720010,35.342617,344.859528,-97.524469,-17.588484,-1
31.720025,35.353335,305.845398,-97.522783,-16.583429,-1
31.720039,35.364052,214.848038,-97.521197,-15.578375,-1
31.720053,35.374769,65.652809,-97.519710,-14.573320,-1
31.720065,35.385486,26.666227,-97.518322,-13.568264,-1
31.720077,35.396203,-5.324952,-97.517034,-12.563209,-1
31.720088,35.406920,-5.327601,-97.515844,-11.558153,-1
31.720098,35.417638,79.624954,-97.514754,-10.553097,-1
31.720107,35.428355,34.422321,-97.513762,-9.548041,-1
31.720115,35.439072,-43.779095,-97.512870,-8.542984,-1
31.720122,35.449789,-338.774933,-97.512077,-7.537928,-1
31.720128,35.460507,-403.105682,-97.511383,-6.532871,-1
31.720134,35.471224,-406.792816,-97.510788,-5.527814,-1
31.720138,35.481941,-413.915802,-97.510292,-4.522757,-1
31.720142,35.492658,-415.000000,-97.509896,-3.517700,-1
31.720144,35.503375,-415.000000,-97.509598,-2.512643,-1
31.720146,35.514093,-415.000000,-97.509400,-1.507586,-1
31.720147,35.524810,-415.000000,-97.509301,-0.502529,-1
31.720147,35.535527,-415.000000,-97.509301,0.502529,-1
31.720146,35.546244,-415.000000,-97.509400,1.507586,-1
31.720144,35.556961,-415.000000,-97.509598,2.512643,-1
31.720142,35.567679,-415.000000,-97.509896,3.517700,-1
31.720138,35.578396,-415.000000,-97.510292,4.522757,-1
31.720134,35.589113,-382.470032,-97.510788,5.527814,-1
31.720128,35.599830,-247.172913,-97.511383,6.532871,-1
31.720122,35.610547,-14.127164,-97.512077,7.537928,-1
31.720115,35.621265,63.042473,-97.512870,8.542984,-1
31.720107,35.631982,107.474640,-97.513762,9.548041,-1
31.720098,35.642699,190.602783,-97.514754,10.553097,-1
31.720088,35.653416,238.877335,-97.515844,11.558153,-1
31.720077,35.664133,266.353790,-97.517034,12.563209,-1
31.720065,35.674851,314.743896,-97.518322,13.568264,-1
31.720053,35.685568,475.529846,-97.519710,14.573320,-1
31.720039,35.696285,531.722046,-97.521197,15.578375,-1
31.720025,35.707002,665.611877,-97.522783,16.583429,-1
31.720010,35.717719,786.931458,-97.524469,17.588484,-1
31.719994,35.728437,760.028015,-97.526253,18.593538,-1
31.719977,35.739154,781.335449,-97.528137,19.598591,-1
31.719959,35.749871,835.754395,-97.530119,20.603645,-1
31.719940,35.760588,818.253906,-97.532201,21.608698,-1
31.719920,35.771305,790.483887,-97.534382,22.613750,-1
31.719900,35.782022,795.212341,-97.536662,23.618802,-1
31.719878,35.792740,791.913208,-97.539042,24.623854,-1
31.719856,35.803457,761.237305,-97.541520,25.628905,-1
31.719832,35.814174,750.029358,-97.544098,26.633956,-1
31.719808,35.824891,741.331543,-97.546774,27.639006,-1
31.719783,35.835608,757.411255,-97.549550,28.644055,-1
31.719757,35.846325,780.519836,-97.552425,29.649104,-1
31.719730,35.857042,800.766907,-97.555399,30.654153,-1
31.719702,35.867760,766.127991,-97.558472,31.659201,-1
31.719674,35.878477,751.413269,-97.561644,32.664248,-1
31.719644,35.889194,754.628052,-97.564916,33.669294,-1
31.719614,35.899911,740.965393,-97.568286,34.674340,-1
31.719582,35.910628,742.167114,-97.571756,35.679386,-1
31.719550,35.921345,739.818176,-97.575325,36.684430,-1
31.719517,35.932062,710.741211,-97.578993,37.689474,-1
31.719483,35.942779,713.139221,-97.582760,38.694517,-1
31.719448,35.953496,718.933167,-97.586626,39.699560,-1
31.719412,35.964213,713.119080,-97.590592,40.704601,-1
31.719375,35.974930,714.534058,-97.594656,41.709642,-1
31.719337,35.985647,716.888550,-97.598820,42.714682,-1
31.719299,35.996364,714.932861,-97.603082,43.719722,-1
31.719259,36.007081,720.358704,-97.607444,44.724760,-1
31.719219,36.017798,719.935608,-97.611905,45.729797,-1
31.719178,36.028515,719.331787,-97.616466,46.734834,-1
31.719136,36.039232,716.503967,-97.621125,47.739870,-1
31.719093,36.049949,725.099426,-97.625883,48.744905,-1
31.719049,36.060666,730.695251,-97.630741,49.749938,-1
31.719004,36.071383,741.815430,-97.635697,50.754971,-1
31.718958,36.082100,756.157837,-97.640753,51.760003,-1
31.718912,36.092817,775.963257,-97.645908,52.765034,-1
31.718864,36.103534,813.835754,-97.651162,53.770064,-1
31.718816,36.114251,862.850220,-97.656515,54.775093,-1
31.718766,36.124968,859.742493,-97.661968,55.780121,-1
31.718716,36.135685,838.675537,-97.667519,56.785147,-1
31.718665,36.146402,832.030823,-97.673170,57.790173,-1
31.718613,36.157118,850.062927,-97.678919,58.795198,-1
31.718560,36.167835,833.542542,-97.684768,59.800221,-1
31.718506,36.178552,817.232910,-97.690716,60.805243,-1
31.718452,36.189269,811.061646,-97.696763,61.810264,-1
31.718396,36.199986,803.712219,-97.702909,62.815284,-1
31.718340,36.210703,815.247986,-97.709155,63.820303,-1
31.718282,36.221419,823.749512,-97.715499,64.825320,-1
31.718224,36.232136,831.451111,-97.721943,65.830336,-1
31.718165,36.242853,816.860535,-97.728485,66.835351,-1
31.718105,36.253570,799.660339,-97.735127,67.840365,-1
31.718044,36.264286,794.796021,-97.741868,68.845377,-1
31.717982,36.275003,793.946228,-97.748708,69.850388,-1
31.717919,36.285720,771.487183,-97.755647,70.855397,-1
31.717856,36.296437,765.222534,-97.762686,71.860406,-1
31.717791,36.307153,761.682129,-97.769823,72.865412,-1
31.717726,36.317870,761.940613,-97.777060,73.870418,-1
31.717659,36.328587,740.724609,-97.784395,74.875422,-1
31.717592,36.339303,723.032410,-97.791830,75.880424,-1
31.717524,36.350020,719.445007,-97.799364,76.885425,-1
31.717455,36.360736,709.203979,-97.806997,77.890425,-1
31.717385,36.371453,701.266663,-97.814729,78.895423,-1
31.717314,36.382170,691.567444,-97.822560,79.900420,-1
31.717242,36.392886,685.208984,-97.830491,80.905415,-1
31.717170,36.403603,677.229248,-97.838520,81.910408,-1
31.717096,36.414319,672.265991,-97.846649,82.915400,-1
31.717022,36.425036,663.468079,-97.854877,83.920390,-1
31.716946,36.435752,656.464844,-97.863204,84.925379,-1
31.716870,36.446469,650.755981,-97.871629,85.930366,-1
31.716793,36.457185,640.122253,-97.880155,86.935351,-1
31.716715,36.467901,632.778992,-97.888779,87.940335,-1
31.716636,36.478618,637.157837,-97.897502,88.945317,-1
31.716556,36.489334,633.586182,-97.906325,89.950297,-1
31.716476,36.500051,626.351807,-97.915246,90.955275,-1
31.716394,36.510767,614.883606,-97.924267,91.960252,-1
31.716312,36.521483,613.260986,-97.933386,92.965227,-1
31.716228,36.532200,621.969238,-97.942605,93.970200,-1
31.716144,36.542916,615.516907,-97.951923,94.975171,-1
31.716059,36.553632,607.324585,-97.961340,95.980141,-1
31.715973,36.564348,598.354126,-97.970857,96.985108,-1
31.715886,36.575065,592.261963,-97.980472,97.990074,-1
31.715798,36.585781,585.644653,-97.990186,98.995038,-1
31.715709,36.596497,581.022400,-98.000000,100.000000,-1
31.724753,34.463840,-41.036583,-97.000000,-100.000000,-1
31.724842,34.474556,-40.000000,-96.990185,-98.995038,-1
31.724930,34.485272,-39.000000,-96.980469,-97.990074,-1
31.725017,34.495988,-38.107914,-96.970852,-96.985109,-1
31.725103,34.506705,-38.000000,-96.961334,-95.980141,-1
31.725188,34.517421,-34.590580,-96.951916,-94.975171,-1
31.725272,34.528137,-32.995522,-96.942596,-93.970200,-1
31.725356,34.538854,-33.304382,-96.933376,-92.965227,-1
31.725438,34.549570,-28.854397,-96.924255,-91.960252,-1
31.725520,34.560286,-19.067722,-96.915233,-90.955275,-1
31.725600,34.571003,-5.545645,-96.906310,-89.950297,-1
31.725680,34.581719,-0.066529,-96.897486,-88.945317,-1
31.725759,34.592435,14.119340,-96.888761,-87.940335,-1
31.725837,34.603152,35.418453,-96.880136,-86.935351,-1
31.725914,34.613868,20.765224,-96.871609,-85.930366,-1
31.725990,34.624585,25.919170,-96.863182,-84.925379,-1
31.726066,34.635301,26.828119,-96.854854,-83.920390,-1
31.726140,34.646018,45.862808,-96.846625,-82.915400,-1
31.726214,34.656734,57.697418,-96.838495,-81.910408,-1
31.726286,34.667451,39.351311,-96.830464,-80.905415,-1
31.726358,34.678167,41.677456,-96.822532,-79.900420,-1
31.726429,34.688884,37.325638,-96.814700,-78.895423,-1
31.726499,34.699600,40.223972,-96.806967,-77.890425,-1
31.726568,34.710317,44.581654,-96.799332,-76.885426,-1
31.726636,34.721034,57.337337,-96.791797,-75.880425,-1
31.726703,34.731750,62.818211,-96.784361,-74.875422,-1
31.726770,34.742467,72.322151,-96.777024,-73.870418,-1
31.726835,34.753184,65.332138,-96.769787,-72.865413,-1
31.726900,34.763900,63.877125,-96.762648,-71.860406,-1
31.726963,34.774617,70.220238,-96.755609,-70.855398,-1
31.727026,34.785334,76.822258,-96.748669,-69.850388,-1
31.727088,34.796050,81.460938,-96.741827,-68.845377,-1
31.727149,34.806767,83.031105,-96.735085,-67.840365,-1
31.727209,34.817484,87.618408,-96.728443,-66.835352,-1
31.727268,34.828201,104.513802,-96.721899,-65.830337,-1
31.727326,34.838917,122.523224,-96.715454,-64.825321,-1
31.727384,34.849634,155.510452,-96.709109,-63.820303,-1
31.727440,34.860351,181.550049,-96.702862,-62.815285,-1
31.727496,34.871068,176.831802,-96.696715,-61.810265,-1
31.727551,34.881785,203.565582,-96.690667,-60.805244,-1
31.727604,34.892501,211.282166,-96.684718,-59.800222,-1
31.727657,34.903218,229.178635,-96.678869,-58.795198,-1
31.727709,34.913935,211.217117,-96.673118,-57.790174,-1
31.727760,34.924652,232.257690,-96.667467,-56.785148,-1
31.727811,34.935369,257.156494,-96.661914,-55.780121,-1
31.727860,34.946086,280.221527,-96.656461,-54.775094,-1
31.727908,34.956803,343.548096,-96.651107,-53.770065,-1
31.727956,34.967520,248.504272,-96.645852,-52.765035,-1
31.728002,34.978237,296.054291,-96.640697,-51.760004,-1
31.728048,34.988954,272.409851,-96.635640,-50.754972,-1
31.728093,34.999671,338.310730,-96.630682,-49.749939,-1
31.728137,35.010387,303.749603,-96.625824,-48.744905,-1
31.728180,35.021104,467.154083,-96.621065,-47.739870,-1
31.728222,35.031821,521.920288,-96.616405,-46.734835,-1
31.728263,35.042538,601.754639,-96.611844,-45.729798,-1
31.728304,35.053255,608.805054,-96.607382,-44.724761,-1
31.728343,35.063972,668.200989,-96.603020,-43.719722,-1
31.728382,35.074689,713.846436,-96.598756,-42.714683,-1
31.728419,35.085407,734.933960,-96.594592,-41.709643,-1
31.728456,35.096124,699.093445,-96.590527,-40.704602,-1
31.728492,35.106841,725.398560,-96.586561,-39.699560,-1
31.728527,35.117558,681.088989,-96.582694,-38.694518,-1
31.728561,35.128275,608.461060,-96.578926,-37.689475,-1
31.728594,35.138992,630.692139,-96.575258,-36.684431,-1
31.728627,35.149709,716.578247,-96.571689,-35.679386,-1
31.728658,35.160426,776.816223,-96.568218,-34.674341,-1
31.728688,35.171143,799.788025,-96.564847,-33.669295,-1
31.728718,35.181860,784.852966,-96.561575,-32.664248,-1
31.728747,35.192577,826.692810,-96.558402,-31.659201,-1
31.728775,35.203294,798.371887,-96.555329,-30.654153,-1
31.728801,35.214011,694.965942,-96.552354,-29.649105,-1
31.728827,35.224729,663.787170,-96.549479,-28.644056,-1
31.728853,35.235446,684.051636,-96.546703,-27.639006,-1
31.728877,35.246163,610.742981,-96.544026,-26.633956,-1
31.728900,35.256880,511.742218,-96.541448,-25.628905,-1
31.728922,35.267597,539.947083,-96.538969,-24.623854,-1
31.728944,35.278314,443.757965,-96.536589,-23.618803,-1
31.728965,35.289031,381.615051,-96.534309,-22.613750,-1
31.728984,35.299749,390.690460,-96.532127,-21.608698,-1
31.729003,35.310466,371.092621,-96.530045,-20.603645,-1
31.729021,35.321183,343.176147,-96.528062,-19.598592,-1
31.729038,35.331900,376.381531,-96.526178,-18.593538,-1
31.729054,35.342617,405.567383,-96.524394,-17.588484,-1
31.729070,35.353335,351.684082,-96.522708,-16.583430,-1
31.729084,35.364052,229.121399,-96.521122,-15.578375,-1
31.729097,35.374769,89.096298,-96.519634,-14.573320,-1
31.729110,35.385486,28.623199,-96.518246,-13.568264,-1
31.729122,35.396203,-4.657930,-96.516957,-12.563209,-1
31.729132,35.406920,-15.997931,-96.515768,-11.558153,-1
31.729142,35.417638,-40.116306,-96.514677,-10.553097,-1
31.729151,35.428355,-23.838413,-96.513685,-9.548041,-1
31.729159,35.439072,-5.777940,-96.512793,-8.542984,-1
31.729166,35.449789,-142.678543,-96.512000,-7.537928,-1
31.729173,35.460507,-392.144257,-96.511306,-6.532871,-1
31.729178,35.471224,-404.688538,-96.510711,-5.527814,-1
31.729183,35.481941,-406.989746,-96.510215,-4.522757,-1
31.729186,35.492658,-415.000000,-96.509819,-3.517700,-1
31.729189,35.503375,-415.000000,-96.509521,-2.512643,-1
31.729191,35.514093,-415.000000,-96.509323,-1.507586,-1
31.729191,35.524810,-415.000000,-96.509224,-0.502529,-1
31.729191,35.535527,-415.000000,-96.509224,0.502529,-1
31.729191,35.546244,-415.000000,-96.509323,1.507586,-1
31.729189,35.556961,-415.000000,-96.509521,2.512643,-1
31.729186,35.567679,-415.000000,-96.509819,3.517700,-1
31.729183,35.578396,-415.000000,-96.510215,4.522757,-1
31.729178,35.589113,-411.646576,-96.510711,5.527814,-1
31.729173,35.599830,-291.127869,-96.511306,6.532871,-1
31.729166,35.610547,-202.981857,-96.512000,7.537928,-1
31.729159,35.621265,-5.192431,-96.512793,8.542984,-1
31.729151,35.631982,102.305145,-96.513685,9.548041,-1
31.729142,35.642699,183.243637,-96.514677,10.553097,-1
31.729132,35.653416,243.284485,-96.515768,11.558153,-1
31.729122,35.664134,328.192566,-96.516957,12.563209,-1
31.729110,35.674851,393.351562,-96.518246,13.568264,-1
31.729097,35.685568,437.534363,-96.519634,14.573320,-1
31.729084,35.696285,583.331055,-96.521122,15.578375,-1
31.729070,35.707002,632.330017,-96.522708,16.583430,-1
31.729054,35.717719,803.075867,-96.524394,17.588484,-1
31.729038,35.728437,737.059326,-96.526178,18.593538,-1
31.729021,35.739154,755.004639,-96.528062,19.598592,-1
31.729003,35.749871,818.453003,-96.530045,20.603645,-1
31.728984,35.760588,826.488892,-96.532127,21.608698,-1
31.728965,35.771305,817.371948,-96.534309,22.613750,-1
31.728944,35.782022,806.382324,-96.536589,23.618803,-1
31.728922,35.792740,786.958923,-96.538969,24.623854,-1
31.728900,35.803457,784.533264,-96.541448,25.628905,-1
31.728877,35.814174,765.186035,-96.544026,26.633956,-1
31.728853,35.824891,744.632935,-96.546703,27.639006,-1
31.728827,35.835608,765.204041,-96.549479,28.644056,-1
31.728801,35.846325,784.224304,-96.552354,29.649105,-1
31.728775,35.857042,782.792847,-96.555329,30.654153,-1
31.728747,35.867760,778.419556,-96.558402,31.659201,-1
31.728718,35.878477,763.962830,-96.561575,32.664248,-1
31.728688,35.889194,758.746033,-96.564847,33.669295,-1
31.728658,35.899911,752.632751,-96.568218,34.674341,-1
31.728627,35.910628,734.678528,-96.571689,35.679386,-1
31.728594,35.921345,732.095093,-96.575258,36.684431,-1
31.728561,35.932062,726.316650,-96.578926,37.689475,-1
31.728527,35.942779,719.554382,-96.582694,38.694518,-1
31.728492,35.953496,722.444580,-96.586561,39.699560,-1
31.728456,35.964213,710.941956,-96.590527,40.704602,-1
31.728419,35.974930,718.194580,-96.594592,41.709643,-1
31.728382,35.985647,720.795044,-96.598756,42.714683,-1
31.728343,35.996364,725.623352,-96.603020,43.719722,-1
31.728304,36.007081,723.818604,-96.607382,44.724761,-1
31.728263,36.017798,723.698853,-96.611844,45.729798,-1
31.728222,36.028515,725.079712,-96.616405,46.734835,-1
31.728180,36.039232,722.284790,-96.621065,47.739870,-1
31.728137,36.049949,733.842529,-96.625824,48.744905,-1
31.728093,36.060666,738.946350,-96.630682,49.749939,-1
31.728048,36.071383,746.828186,-96.635640,50.754972,-1
31.728002,36.082100,766.429565,-96.640697,51.760004,-1
31.727956,36.092817,833.037109,-96.645852,52.765035,-1
31.727908,36.103534,830.136902,-96.651107,53.770065,-1
31.727860,36.114251,841.770752,-96.656461,54.775094,-1
31.727811,36.124968,837.072266,-96.661914,55.780121,-1
31.727760,36.135685,824.055054,-96.667467,56.785148,-1
31.727709,36.146402,821.519714,-96.673118,57.790174,-1
31.727657,36.157118,828.402161,-96.678869,58.795198,-1
31.727604,36.167835,823.417908,-96.684718,59.800222,-1
31.727551,36.178552,812.537048,-96.690667,60.805244,-1
31.727496,36.189269,809.257507,-96.696715,61.810265,-1
31.727440,36.199986,796.123413,-96.702862,62.815285,-1
31.727384,36.210703,816.004333,-96.709109,63.820303,-1
31.727326,36.221419,817.921814,-96.715454,64.825321,-1
31.727268,36.232136,814.015930,-96.721899,65.830337,-1
31.727209,36.242853,820.570557,-96.728443,66.835352,-1
31.727149,36.253570,798.702637,-96.735085,67.840365,-1
31.727088,36.264286,773.039673,-96.741827,68.845377,-1
31.727026,36.275003,780.778015,-96.748669,69.850388,-1
31.726963,36.285720,775.927307,-96.755609,70.855398,-1
31.726900,36.296437,750.568420,-96.762648,71.860406,-1
31.726835,36.307153,750.788208,-96.769787,72.865413,-1
31.726770,36.317870,750.201538,-96.777024,73.870418,-1
31.726703,36.328587,739.810608,-96.784361,74.875422,-1
31.726636,36.339303,722.807495,-96.791797,75.880425,-1
31.726568,36.350020,711.420776,-96.799332,76.885426,-1
31.726499,36.360736,705.744324,-96.806967,77.890425,-1
31.726429,36.371453,695.575378,-96.814700,78.895423,-1
31.726358,36.382170,686.607422,-96.822532,79.900420,-1
31.726286,36.392886,679.509094,-96.830464,80.905415,-1
31.726214,36.403603,672.809326,-96.838495,81.910408,-1
31.726140,36.414319,668.875549,-96.846625,82.915400,-1
31.726066,36.425036,659.959717,-96.854854,83.920390,-1
31.725990,36.435752,651.198608,-96.863182,84.925379,-1
31.725914,36.446469,644.506714,-96.871609,85.930366,-1
31.725837,36.457185,639.650818,-96.880136,86.935351,-1
31.725759,36.467901,649.001709,-96.888761,87.940335,-1
31.725680,36.478618,637.314026,-96.897486,88.945317,-1
31.725600,36.489334,629.468750,-96.906310,89.950297,-1
31.725520,36.500051,622.827759,-96.915233,90.955275,-1
31.725438,36.510767,618.939026,-96.924255,91.960252,-1
31.725356,36.521483,626.742920,-96.933376,92.965227,-1
31.725272,36.532200,638.404541,-96.942596,93.970200,-1
31.725188,36.542916,627.181091,-96.951916,94.975171,-1
31.725103,36.553632,611.057434,-96.961334,95.980141,-1
31.725017,36.564348,599.653992,-96.970852,96.985109,-1
31.724930,36.575065,594.553162,-96.980469,97.990074,-1
31.724842,36.585781,592.264648,-96.990185,98.995038,-1
31.724753,36.596497,583.139893,-97.000000,100.000000,-1
31.733797,34.463840,-40.098896,-96.000000,-100.000000,-1
31.733886,34.474556,-39.197247,-95.990183,-98.995038,-1
31.733973,34.485272,-39.000000,-95.980466,-97.990074,-1
31.734060,34.495988,-38.000000,-95.970847,-96.985109,-1
31.734146,34.506705,-37.974545,-95.961328,-95.980141,-1
31.734232,34.517421,-35.542652,-95.951908,-94.975172,-1
31.734316,34.528137,-34.000000,-95.942587,-93.970200,-1
31.734399,34.538854,-33.950909,-95.933365,-92.965227,-1
31.734482,34.549570,-33.061085,-95.924243,-91.960252,-1
31.734563,34.560286,-27.872202,-95.915219,-90.955276,-1
31.734644,34.571003,-11.842975,-95.906295,-89.950297,-1
31.734724,34.581719,-0.442907,-95.897470,-88.945317,-1
31.734803,34.592435,3.870325,-95.888744,-87.940335,-1
31.734881,34.603152,12.729830,-95.880117,-86.935352,-1
31.734958,34.613868,18.905853,-95.871589,-85.930366,-1
31.735034,34.624585,24.708208,-95.863160,-84.925379,-1
31.735110,34.635301,33.428890,-95.854831,-83.920391,-1
31.735184,34.646018,39.487457,-95.846601,-82.915401,-1
31.735258,34.656734,51.357628,-95.838469,-81.910409,-1
31.735330,34.667451,39.067894,-95.830437,-80.905415,-1
31.735402,34.678167,33.139950,-95.822504,-79.900420,-1
31.735473,34.688884,35.304123,-95.814671,-78.895424,-1
31.735543,34.699600,37.178101,-95.806936,-77.890426,-1
31.735612,34.710317,47.408749,-95.799301,-76.885426,-1
31.735680,34.721034,54.170250,-95.791764,-75.880425,-1
31.735747,34.731750,69.477554,-95.784327,-74.875423,-1
31.735814,34.742467,59.832836,-95.776989,-73.870419,-1
31.735879,34.753184,56.951702,-95.769750,-72.865414,-1
31.735944,34.763900,61.359287,-95.762611,-71.860407,-1
31.736007,34.774617,74.042419,-95.755570,-70.855399,-1
31.736070,34.785334,72.858742,-95.748629,-69.850389,-1
31.736132,34.796050,73.328621,-95.741787,-68.845378,-1
31.736193,34.806767,82.293030,-95.735044,-67.840366,-1
31.736253,34.817484,87.280426,-95.728400,-66.835352,-1
31.736312,34.828201,95.463028,-95.721855,-65.830337,-1
31.736371,34.838917,106.724403,-95.715409,-64.825321,-1
31.736428,34.849634,130.740051,-95.709063,-63.820304,-1
31.736484,34.860351,160.440781,-95.702816,-62.815285,-1
31.736540,34.871068,162.577545,-95.696667,-61.810265,-1
31.736595,34.881785,180.652634,-95.690619,-60.805244,-1
31.736649,34.892501,188.902435,-95.684669,-59.800222,-1
31.736701,34.903218,217.063522,-95.678818,-58.795199,-1
31.736753,34.913935,188.658493,-95.673067,-57.790174,-1
31.736805,34.924652,222.705444,-95.667414,-56.785149,-1
31.736855,34.935369,257.442139,-95.661861,-55.780122,-1
31.736904,34.946086,283.426178,-95.656407,-54.775094,-1
31.736953,34.956803,288.279327,-95.651052,-53.770065,-1
31.737000,34.967520,231.106567,-95.645796,-52.765035,-1
31.737047,34.978237,246.773331,-95.640640,-51.760005,-1
31.737092,34.988954,260.311646,-95.635582,-50.754973,-1
31.737137,34.999671,277.034119,-95.630624,-49.749940,-1
31.737181,35.010387,291.274017,-95.625765,-48.744906,-1
31.737224,35.021104,458.101990,-95.621005,-47.739871,-1
31.737266,35.031821,531.413086,-95.616345,-46.734835,-1
31.737308,35.042538,561.244751,-95.611783,-45.729799,-1
31.737348,35.053255,613.392273,-95.607321,-44.724761,-1
31.737387,35.063972,655.808533,-95.602957,-43.719723,-1
31.737426,35.074689,646.728333,-95.598693,-42.714683,-1
31.737464,35.085407,654.467285,-95.594528,-41.709643,-1
31.737500,35.096124,592.795410,-95.590462,-40.704603,-1
31.737536,35.106841,614.230347,-95.586496,-39.699561,-1
31.737571,35.117558,552.433899,-95.582628,-38.694518,-1
31.737605,35.128275,560.206238,-95.578860,-37.689475,-1
31.737639,35.138992,644.160583,-95.575191,-36.684431,-1
31.737671,35.149709,601.587708,-95.571621,-35.679387,-1
31.737702,35.160426,733.272888,-95.568150,-34.674341,-1
31.737733,35.171143,648.881042,-95.564779,-33.669295,-1
31.737762,35.181860,820.272583,-95.561506,-32.664249,-1
31.737791,35.192577,758.825317,-95.558333,-31.659202,-1
31.737819,35.203294,754.839417,-95.555259,-30.654154,-1
31.737846,35.214011,777.137451,-95.552284,-29.649105,-1
31.737872,35.224729,803.245789,-95.549408,-28.644056,-1
31.737897,35.235446,740.653259,-95.546631,-27.639006,-1
31.737921,35.246163,697.944092,-95.543954,-26.633956,-1
31.737944,35.256880,639.616394,-95.541375,-25.628906,-1
31.737967,35.267597,531.450562,-95.538896,-24.623855,-1
31.737988,35.278314,470.662140,-95.536516,-23.618803,-1
31.738009,35.289031,516.930481,-95.534235,-22.613751,-1
31.738029,35.299749,480.791504,-95.532054,-21.608698,-1
31.738048,35.310466,477.372040,-95.529971,-20.603645,-1
31.738065,35.321183,392.404816,-95.527988,-19.598592,-1
31.738083,35.331900,415.642456,-95.526104,-18.593538,-1
31.738099,35.342617,493.753235,-95.524319,-17.588484,-1
31.738114,35.353335,365.037994,-95.522633,-16.583430,-1
31.738128,35.364052,279.301910,-95.521046,-15.578375,-1
31.738142,35.374769,96.878883,-95.519559,-14.573320,-1
31.738154,35.385486,38.342945,-95.518170,-13.568265,-1
31.738166,35.396203,-2.182617,-95.516881,-12.563209,-1
31.738177,35.406920,-21.205309,-95.515691,-11.558153,-1
31.738187,35.417638,-5.478054,-95.514600,-10.553097,-1
31.738196,35.428355,-51.635021,-95.513609,-9.548041,-1
31.738204,35.439072,-85.865082,-95.512716,-8.542985,-1
31.738211,35.449789,-128.532562,-95.511923,-7.537928,-1
31.738217,35.460507,-374.208588,-95.511229,-6.532871,-1
31.738222,35.471224,-397.440582,-95.510634,-5.527814,-1
31.738227,35.481941,-403.953949,-95.510138,-4.522757,-1
31.738231,35.492658,-414.989594,-95.509741,-3.517700,-1
31.738233,35.503375,-415.000000,-95.509444,-2.512643,-1
31.738235,35.514093,-415.000000,-95.509245,-1.507586,-1
31.738236,35.524810,-415.000000,-95.509146,-0.502529,-1
31.738236,35.535527,-415.000000,-95.509146,0.502529,-1
31.738235,35.546244,-415.000000,-95.509245,1.507586,-1
31.738233,35.556961,-415.000000,-95.509444,2.512643,-1
31.738231,35.567679,-415.000000,-95.509741,3.517700,-1
31.738227,35.578396,-415.000000,-95.510138,4.522757,-1
31.738222,35.589113,-415.000000,-95.510634,5.527814,-1
31.738217,35.599830,-348.084869,-95.511229,6.532871,-1
31.738211,35.610547,-207.047989,-95.511923,7.537928,-1
31.738204,35.621265,-118.233109,-95.512716,8.542985,-1
31.738196,35.631982,-0.607010,-95.513609,9.548041,-1
31.738187,35.642699,145.770096,-95.514600,10.553097,-1
31.738177,35.653416,173.385559,-95.515691,11.558153,-1
31.738166,35.664134,280.674988,-95.516881,12.563209,-1
31.738154,35.674851,344.963135,-95.518170,13.568265,-1
31.738142,35.685568,508.415710,-95.519559,14.573320,-1
31.738128,35.696285,483.490997,-95.521046,15.578375,-1
31.738114,35.707002,631.392944,-95.522633,16.583430,-1
31.738099,35.717719,630.203674,-95.524319,17.588484,-1
31.738083,35.728437,624.960876,-95.526104,18.593538,-1
31.738065,35.739154,629.983215,-95.527988,19.598592,-1
31.738048,35.749871,788.921326,-95.529971,20.603645,-1
31.738029,35.760588,832.911743,-95.532054,21.608698,-1
31.738009,35.771305,823.426331,-95.534235,22.613751,-1
31.737988,35.782022,800.477417,-95.536516,23.618803,-1
31.737967,35.792740,796.887451,-95.538896,24.623855,-1
31.737944,35.803457,798.043274,-95.541375,25.628906,-1
31.737921,35.814174,785.973083,-95.543954,26.633956,-1
31.737897,35.824891,753.331299,-95.546631,27.639006,-1
31.737872,35.835608,779.847900,-95.549408,28.644056,-1
31.737846,35.846325,785.594910,-95.552284,29.649105,-1
31.737819,35.857042,804.790161,-95.555259,30.654154,-1
31.737791,35.867760,779.587463,-95.558333,31.659202,-1
31.737762,35.878477,768.357361,-95.561506,32.664249,-1
31.737733,35.889194,762.448669,-95.564779,33.669295,-1
31.737702,35.899911,734.195068,-95.568150,34.674341,-1
31.737671,35.910628,735.714966,-95.571621,35.679387,-1
31.737639,35.921345,749.874878,-95.575191,36.684431,-1
31.737605,35.932062,739.890686,-95.578860,37.689475,-1
31.737571,35.942779,731.999207,-95.582628,38.694518,-1
31.737536,35.953496,718.788513,-95.586496,39.699561,-1
31.737500,35.964213,721.659119,-95.590462,40.704603,-1
31.737464,35.974930,715.248840,-95.594528,41.709643,-1
31.737426,35.985647,722.977966,-95.598693,42.714683,-1
31.737387,35.996364,734.346436,-95.602957,43.719723,-1
31.737348,36.007081,734.382812,-95.607321,44.724761,-1
31.737308,36.017798,738.237244,-95.611783,45.729799,-1
31.737266,36.028515,728.467773,-95.616345,46.734835,-1
31.737224,36.039232,726.616577,-95.621005,47.739871,-1
31.737181,36.049949,737.837158,-95.625765,48.744906,-1
31.737137,36.060666,748.750061,-95.630624,49.749940,-1
31.737092,36.071383,775.487732,-95.635582,50.754973,-1
31.737047,36.082100,794.006653,-95.640640,51.760005,-1
31.737000,36.092817,834.278564,-95.645796,52.765035,-1
31.736953,36.103534,817.077576,-95.651052,53.770065,-1
31.736904,36.114251,827.053833,-95.656407,54.775094,-1
31.736855,36.124968,819.392700,-95.661861,55.780122,-1
31.736805,36.135685,816.413940,-95.667414,56.785149,-1
31.736753,36.146402,811.989990,-95.673067,57.790174,-1
31.736701,36.157118,830.287476,-95.678818,58.795199,-1
31.736649,36.167835,814.297791,-95.684669,59.800222,-1
31.736595,36.178552,809.980835,-95.690619,60.805244,-1
31.736540,36.189269,799.513184,-95.696667,61.810265,-1
31.736484,36.199986,789.273315,-95.702816,62.815285,-1
31.736428,36.210703,812.564270,-95.709063,63.820304,-1
31.736371,36.221419,821.298645,-95.715409,64.825321,-1
31.736312,36.232136,807.154236,-95.721855,65.830337,-1
31.736253,36.242853,796.009521,-95.728400,66.835352,-1
31.736193,36.253570,787.924500,-95.735044,67.840366,-1
31.736132,36.264286,768.360168,-95.741787,68.845378,-1
31.736070,36.275003,771.020508,-95.748629,69.850389,-1
31.736007,36.285720,764.932007,-95.755570,70.855399,-1
31.735944,36.296437,746.360901,-95.762611,71.860407,-1
31.735879,36.307153,739.315857,-95.769750,72.865414,-1
31.735814,36.317870,734.056824,-95.776989,73.870419,-1
31.735747,36.328587,728.024292,-95.784327,74.875423,-1
31.735680,36.339303,712.602051,-95.791764,75.880425,-1
31.735612,36.350020,703.803223,-95.799301,76.885426,-1
31.735543,36.360736,697.461121,-95.806936,77.890426,-1
31.735473,36.371453,688.891479,-95.814671,78.895424,-1
31.735402,36.382170,679.337097,-95.822504,79.900420,-1
31.735330,36.392886,673.473389,-95.830437,80.905415,-1
31.735258,36.403603,668.716125,-95.838469,81.910409,-1
31.735184,36.414319,663.632507,-95.846601,82.915401,-1
31.735110,36.425036,655.554749,-95.854831,83.920391,-1
31.735034,36.435752,649.548279,-95.863160,84.925379,-1
31.734958,36.446469,656.617493,-95.871589,85.930366,-1
31.734881,36.457185,650.603760,-95.880117,86.935352,-1
31.734803,36.467901,644.011292,-95.888744,87.940335,-1
31.734724,36.478618,635.676941,-95.897470,88.945317,-1
31.734644,36.489334,627.796875,-95.906295,89.950297,-1
31.734563,36.500051,629.807861,-95.915219,90.955276,-1
31.734482,36.510767,633.142944,-95.924243,91.960252,-1
31.734399,36.521483,646.754211,-95.933365,92.965227,-1
31.734316,36.532200,631.618530,-95.942587,93.970200,-1
31.734232,36.542916,623.494385,-95.951908,94.975172,-1
31.734146,36.553632,617.411499,-95.961328,95.980141,-1
31.734060,36.564348,598.999573,-95.970847,96.985109,-1
31.733973,36.575065,591.149292,-95.980466,97.990074,-1
31.733886,36.585781,590.005005,-95.990183,98.995038,-1
31.733797,36.596497,577.579895,-96.000000,100.000000,-1
